{"cameraMode":{"drawMode":0,"name":"Shaded","section":"Shading Mode"},"sceneLighting":false,"audioPlay":false,"sceneViewState":{"m_AlwaysRefresh":false,"showFog":true,"showSkybox":false,"showFlares":true,"showImageEffects":true,"showParticleSystems":true,"showVisualEffectGraphs":true,"m_FxEnabled":true},"in2DMode":false,"pivot":{"x":461.0561828613281,"y":28.803918838500978,"z":123.63481140136719},"rotation":{"x":0.10017126053571701,"y":-0.7097381949424744,"z":0.10278163850307465,"w":0.6898848414421082},"size":4.299342632293701,"orthographic":true}