{"cameraMode":{"drawMode":0,"name":"Shaded","section":"Shading Mode"},"sceneLighting":false,"audioPlay":false,"sceneViewState":{"m_AlwaysRefresh":false,"showFog":true,"showSkybox":false,"showFlares":true,"showImageEffects":true,"showParticleSystems":true,"showVisualEffectGraphs":true,"m_FxEnabled":true},"in2DMode":false,"pivot":{"x":457.107177734375,"y":24.725914001464845,"z":114.02110290527344},"rotation":{"x":0.08675484359264374,"y":-0.05981697514653206,"z":0.005037140566855669,"w":0.994555652141571},"size":3.375997543334961,"orthographic":true}