{"cameraMode":{"drawMode":0,"name":"Shaded","section":"Shading Mode"},"sceneLighting":false,"audioPlay":false,"sceneViewState":{"m_AlwaysRefresh":false,"showFog":true,"showSkybox":false,"showFlares":true,"showImageEffects":true,"showParticleSystems":true,"showVisualEffectGraphs":true,"m_FxEnabled":true},"in2DMode":false,"pivot":{"x":460.510009765625,"y":28.031381607055665,"z":130.3800048828125},"rotation":{"x":-0.046299949288368228,"y":-0.9364389777183533,"z":0.13584746420383454,"w":-0.32053327560424807},"size":2.3130123615264894,"orthographic":true}